Title,Date
"Benzinga's Bulls & Bears: Apple, GE, Starbucks, Tesla, And More",2018-01-01
"Starbucks To Report Q1 Earnings On Thurs., Jan. 25 After Market Close",2018-01-10
"BZ NOTE: Sears Shares Moved Higher As Traders Circulated CWEB Article On Gyft, But Extent Of Sears Mention In Article Was To Say Gyft Could Be Used By 'retailers such as Sears, Amazon, iTunes, Starbucks, Target'; Other Stocks Did Not Move",2018-01-11
"The Week Ahead: IPOs, Earnings, And FDA Actions Provide Catalysts",2018-01-22
"Washington Shutdown Takes Center Stage, But Market Impact Only Slight So Far",2018-01-22
Starbucks Reports Series Of New Partner Offerings Totaling $250M+ For 150K+ Employees,2018-01-24
"Tax Reform Is Boosting Wages And Bonuses, But Some Corporations Are Still Cutting Jobs",2018-01-25
"Starbucks Reports Q1 Adj. EPS $0.65 vs $0.57 Est., Sales $6 vs $6.18B Est., Comps Up 2%, China Comps Up 6%",2018-01-25
"A Peek Into The Markets: U.S. Stock Futures Gain Ahead Of Earnings, Economic Data",2018-01-25
"12 Stocks To Watch For January 25, 2018",2018-01-25
"Earnings Scheduled For January 25, 2018",2018-01-25
Starbucks Falls After Q1 Report: What Analysts Are Saying,2018-01-26
41 Stocks Moving In Friday's Mid-Day Session,2018-01-26
"Goldman Sachs Removes Starbucks From Conviction List, Maintains Buy Rating",2018-01-26
Slowing Down? Economy Brakes Slightly In Q4 But Earnings Keep Impressing,2018-01-26
Benzinga Pro's 6 Stocks To Watch Today,2018-01-26
"Goldman Removes Starbucks From Conviction Buy List As The Recent Quarter 'Contributes To A Narrative Of Inconsistency', Says Move Reflects View That There Are Risks To Back-Half Weighted Guidance Numbers",2018-01-26
21 Stocks Moving In Friday's Pre-Market Session,2018-01-26
"Starbucks Shares Down 5% Following Q1 Beat, Better-Than-Expected FY18 Guidance: Sees Adj. EPS $2.48-$2.53 vs $2.28 Est.",2018-01-26
"10 Stocks To Watch For January 26, 2018",2018-01-26
"The Week Ahead: Big Tech Earnings, Fed Rate Decision Likely To Dominate Headlines",2018-01-29
"Fed, Earnings Are Meaty Filling Between Slices Of Job, Price Data",2018-01-29
"Benzinga's Top Upgrades, Downgrades For January 29, 2018",2018-01-29
"Despite Chinese Growth, Bernstein Downgrades Starbucks On Slower American Business",2018-01-29
Dr. Pepper Snapple Soars 30% Amid Plans To Merge With Keurig Green Mountain,2018-01-29
Bernstein Downgrades Starbucks to Market Perform,2018-01-29
45 Biggest Movers From Friday,2018-01-29
"GM, McDonald's, Rite Aid, Starbucks: 'Fast Money' Picks For January 31",2018-01-31
REMINDER: Starbucks Holding China Business Update Call Today 5pm ET,2018-01-31
Tableua Appoints Starbucks CTO Gerri Martin-Flickinger To BoD,2018-02-01
"Benzinga's Top Upgrades, Downgrades For February 1, 2018",2018-02-01
Mizuho Downgrades Starbucks to Neutral,2018-02-01
"Benzinga's Weekly Bulls & Bears: AbbVie, Kinder Morgan, Paypal, Starbucks, Wynn And More",2018-02-04
Starbucks Option Alert: Feb 16 $54.5 Calls Sweep (2) at the Bid: 640 @ $0.801 vs 186 OI; Earnings 4/26 After Close Ref=$54.43,2018-02-08
"BZ NOTE: Barron's Magazine Saturday Made Positive Mention of The Following; Delta Air Lines, Apple, Starbucks, D.R. Horton, American Electric Power, and NextEra Energy",2018-02-11
Form 4 Filing Late Monday Showed Starbucks Director Ullman Sold 25K Shares at $54.523,2018-02-13
Starbucks Late Monday Announced Licensing Agreement With SouthRock To Drive Next Wave Of Growth In Brazil,2018-03-13
"Starbucks CEO Talks Gender Equality, Long-Term Commitment To China",2018-03-21
UPDATE: Starbucks Sees Sales Over Next 5 Years Growing From $14B To $23B,2018-03-21
"Starbucks CEO Kevin Johnson Reiterates 12% Or Greater Non-GAAP EPS Growth Target, Commitment To Return $15B To Shareholders Through Next 3 Years",2018-03-21
Starbucks Holding Annual Shareholder Meeting Today,2018-03-21
Will Starbucks Benefit From Digital Platform Expansion?,2018-03-22
"Benzinga's Top Upgrades, Downgrades For March 29, 2018",2018-03-29
Wedbush's Firsthand Starbucks Checks Prompt Downgrade,2018-03-29
Wedbush Downgrades Starbucks to Neutral,2018-03-29
"Benzinga's Bulls & Bears Of The Week: Amazon, Facebook, Tesla And More",2018-04-01
Starbucks To Report Q2 Results April 26th After Hours,2018-04-11
"Benzinga's Top Analyst Calls From April 13, 2018",2018-04-13
5 Biggest Price Target Changes For Friday,2018-04-13
"Cowen Downgrades Starbucks Due In Part To Poor Sales Of Gift Cards, Craft Coffee",2018-04-13
"Benzinga's Top Upgrades, Downgrades For April 13, 2018",2018-04-13
Cowen & Co. Downgrades Starbucks to Market Perform,2018-04-13
"Benzinga's Bulls & Bears Of The Week: Caterpillar, Facebook, Starbucks, Tesla And More",2018-04-16
"Statement from Starbucks and Attorney Stewart Cohen from Cohen, Placitella & Roth",2018-04-17
Starbucks to Close All Stores Nationwide for Racial-Bias Education on May 29,2018-04-17
"'JUST IN: Starbucks says it will close ""more than 8,000 company-owned stores in the United States on the afternoon of May 29 to conduct racial-bias education geared toward preventing discrimination in our stores""'-CNBC Now Tweet",2018-04-17
Starbucks To Close Stores For Antibias Training,2018-04-18
9 Stocks Moving In Thursday's After-Hours Session,2018-04-26
Starbucks Reaffirms FY18 Outlook,2018-04-26
Starbucks Adds 100M Shares To Buyback Plan,2018-04-26
"Starbucks Q2 Adj. EPS $0.53, Inline",2018-04-26
"Starbucks Q2 EPS $0.47 May Not Compare $0.53 Est., Sales $6.03B Beats $5.93B Est.",2018-04-26
"16 Stocks To Watch For April 26, 2018",2018-04-26
"Earnings Scheduled For April 26, 2018",2018-04-26
Analyst Says Starbucks Earnings Were 'Good Enough But Not Great',2018-04-27
"10 Stocks To Watch For April 27, 2018",2018-04-27
Recent Uptick In Starbucks Being Attributed By Traders To Dealreporter Rumor Of Activist Investor Interest In The Name,2018-05-01
"UPDATE: Starbucks Issues Joint Statement On Settlement With Parties Arrested At Philadelphia Location, Notes Confidential Financial Settlement And Commitment To Continue Dialogue",2018-05-02
"Starbucks Reaches Agreement With 2 Men Arrested In Philadelphia Store, Says Further Details To Be Provided In A 'Mutually Agreed Public Statement'",2018-05-02
"'Two black men arrested for sitting at a Philadelphia Starbucks without ordering anything have settled with the city for a symbolic $1 each and a promise from officials to set up a $200,000 program for young entrepreneurs.'-AP Tweet",2018-05-02
Hearing Nestle Is Close To Deal For Starbuck's Business That Sells Coffee Beans And Drinks In Supermarkets,2018-05-04
"Benzinga Pro's Top 10 Most-Searched Tickers For Morning Of Mon., May 7",2018-05-07
Benzinga Pro's 5 Stocks To Watch Today,2018-05-07
"The Market In 5 Minutes: Oil, NAFTA, Buffett, Volkswagen And More",2018-05-07
"Nestlé Deal To Accelerate Starbucks Buybacks, Expand Global Market",2018-05-07
16 Stocks Moving In Monday's Pre-Market Session,2018-05-07
"Nestle to Acquire Rights to Market, Sell, Distribute Starbucks Brands; Nestle to Pay Starbucks $7.15B in Closing Consideration",2018-05-07
"Google At Their Conference Says It's Been Working With Starbucks, Doordash, Domino's And Other Restaurants For Assistant",2018-05-08
Investor Movement Index April Summary,2018-05-08
"Benzinga's Bulls & Bears Of The Week: Apple, Bitcoin, Macy's, Verizon And More",2018-05-13
"The Week Ahead: Coindesk Conference, Walmart And Retailers Close Out Earnings Season",2018-05-14
Starbucks Holding Analyst/Investor Day Today,2018-05-15
Foursquare CEO Jeff Glueck Discusses The App's White Label Technology: 'We're Just Getting Started',2018-05-16
REMINDER: Starbucks Holding 1st Ever China Investor Conference Today,2018-05-16
"Starbucks Shares Up 0.4% For Session; Recent Dow Jones Article Highlighted New Co. Policy Unveiled Over The Weekend Which Will Allow All Guests To Use Co. Cafes, Including Restrooms, Whether A Purchase Is Made Or Not",2018-05-21
Analyst Doesn't Expect Starbucks Sales To Be Hit By New 'Third Place Policy',2018-05-22
"UPDATE: Tigress' Feinseth Tells Benzinga Starbucks Could Actually Stand To Gain From 'Third Place Policy' Implementation As Co. Thrives On Perception It Is Customer, Community Friendly",2018-05-22
"Tigress Financial Analyst Ivan Feinseth On Starbucks' New 'Third Place Policy' Tells Benzinga He Doubts Customers Will Be Dissuaded From Visiting Restaurants, Does Not See Initiative Becoming A Major Problem",2018-05-22
"The Market In 5 Minutes: Tesla, Starbucks, Sony, Philip Roth And More",2018-05-23
"The Week Ahead: Retail Earnings, CEO Conference Appearances In Focus",2018-05-29
Starbucks Closes 8K Stores Nationwide For Racial Bias Training,2018-05-29
REMINDER: Starbucks to Close ~8K Stores Today for Racial Bias Training,2018-05-29
Tigress' Feinseth On Weakness In Starbucks Shares After Announcement Schultz Will Step Down Tells Benzinga: 'Absolutely It's a Buying Opportunity',2018-06-04
"Tigress Financial's Ivan Feinseth Responds To Starbucks Founder Schultz Stepping Down, Tells Benzinga Though It's Sad When An Iconic Leader Leaves, The Co. Has 'A Strong Bench' of Managers, Many New Initiatives That Will Take The Company 'To The Next Level'",2018-06-04
"BZ NOTE On Starbucks Price Action Following News Founder, Chair Howard Schultz Stepping Down: Last Time Similar News Was Announced (Evening Of Dec. 1, 2016), Stock Fell ~2.2% The Next Day, Regained Those Losses Within 4 Trading Sessions",2018-06-04
"Starbucks Shares Up 1.5% From After-Hours Low, Down ~1.4% From Close",2018-06-04
UPDATE: Starbucks Names Myron Ullman Chair; Mellody Hobson Vice Chair,2018-06-04
UPDATE: Starbucks Press Release Confirms Schultz To Step Down,2018-06-04
"Starbucks Shares Move Lower After Hours, Down 2%, As CNBC Reports Founder Howard Schultz To Step Down As Co. Chair Effective June 26th to Focus On Philanthropy",2018-06-04
Howard Schultz For President? Maybe,2018-06-05
Wall Street's Take On Starbucks Following Schultz's Departure,2018-06-05
"The Market In 5 Minutes: Athenahealth CEO, Starbucks Chair, WWDC Updates And More",2018-06-05
Howard Schultz To Step Down As Starbucks Chair,2018-06-05
Starbucks Shares Flat On The Day Amid Earlier Reports Co. Raising coffee Prices $0.10-$0.20 Per Cup,2018-06-07
"Starbucks, Chase Introduce Starbucks Rewards Visa Prepaid Card",2018-06-11
"U.S., China Trade Tensions Keeping Stock Market Under Pressure",2018-06-18
Starbucks Option Alert: Jun 29 $58 Calls Sweep (30) near the Ask: 500 @ $0.411 vs 738 OI; Earnings 7/26 After Close Ref=$56.34,2018-06-18
7 Stocks Moving In Tuesday's After-Hours Session,2018-06-19
"UPDATE: Starbucks Shares Down 3.1% After Hours As Co. Releases Estimate for Q3 Comps of 1%, Missing Est. of 2.9%",2018-06-19
"UPDATE: Starbucks Sees Q3 Comps Up 1%, Will Provide Further FY18 Guidance In An Investor Presentation Today at 4:25pm ET",2018-06-19
UPDATE: Starbucks Raises Qtr. Dividend From $0.30 to $0.36/Share,2018-06-19
UPDATE: Starbucks Says It Is 'Actively Exploring Strategic Options' To License Company-Operated Stores In Other Appropriate Markets,2018-06-19
"Starbucks Announces Raising Target For Capital Return to $25B Through FY20, Including 20% Increase In Qtr. Dividend",2018-06-19
"Oppenheimer Consumer Growth and E-Commerce Conference Began Today With Presenters Including: Starbucks, Wayfair, Jack in the Box, and Blue Apron",2018-06-19
"Starbucks IDR Downgraded to BBB+, Outlook Stable At Fitch",2018-06-20
38 Stocks Moving In Wednesday's Mid-Day Session,2018-06-20
Should Investors Buy The Dip In Starbucks? These Street Analysts Are Saying No,2018-06-20
"Selling Pressure Seems Ready To Ebb A Bit, But Trade Fears Haven't Vanished",2018-06-20
Starbucks Downgraded By Morgan Stanley After 'Negative Surprise' In Forecast,2018-06-20
10 Biggest Price Target Changes For Wednesday,2018-06-20
"Starbucks CEO Says Its Focusing On China Customer Transactions, Will Grow About 15% This QUarter",2018-06-20
"Benzinga's Top Upgrades, Downgrades For June 20, 2018",2018-06-20
"Baird Maintains Outperform on Starbucks, Lowers Price Target to $64",2018-06-20
Starbucks Shares Down 3.7% Premarket On Multiple Downgrades Following Announcement That It Would Close 150 Stores In 2019 And Cut FY18 EPS Guidance From $2.48-$2.53 To $2.39-$2.43,2018-06-20
Telsey Advisory Group Downgrades Starbucks to Market Perform,2018-06-20
28 Stocks Moving In Wednesday's Pre-Market Session,2018-06-20
"Mizuho Maintains Neutral on Starbucks, Lowers Price Target to $56",2018-06-20
"BMO Capital Maintains Market Perform on Starbucks, Lowers Price Target to $56",2018-06-20
Morgan Stanley Downgrades Starbucks to Equal-Weight,2018-06-20
BTIG Research Downgrades Starbucks to Neutral,2018-06-20
"Wedbush Maintains Neutral on Starbucks, Lowers Price Target to $57",2018-06-20
"Stifel Nicolaus Maintains Hold on Starbucks, Lowers Price Target to $55",2018-06-20
"Stocks That Made New 52-Week Lows Today Include: Starbucks, Cincinnati Financial, Xerox, General Electric, Ball, and General Dynamics",2018-06-21
Investors Appear To Like Small Caps Amid Continued Trade Worries,2018-06-21
"JP Morgan Maintains Overweight on Starbucks, Lowers Price Target to $61",2018-06-21
50 Biggest Movers From Yesterday,2018-06-21
"The Week Ahead: Senate Weighs Sprint-T-Mobile Merger, Nike Earnings And A Slew Of IPOs",2018-06-25
"Stocks That Made New 52-Week Lows Today Include: Starbucks, Principal Financial Group, Goodyear Tire, Parker Hannifin, Arconic, General Dynamics, Stanley Black & Decker American Airlines, IBM, Carnival, and Cummins",2018-06-25
"Stocks That Made New 52-Week Lows Today Include: American Airlines, Whirlpool, Cincinnati Financial, Lincoln National, Principal Financial Group, Xerox, and Starbucks",2018-06-26
10 Biggest Price Target Changes For Tuesday,2018-06-26
"The Street's Doug Kass Tweets: 'Covered shorts: $SBUX and $DIS Added to longs: $BOX, $DWDP and $GOOGL And, importantly, took in my entire long $SPY puts and short $QQQ Now at market neutral.'",2018-06-26
"Jefferies Maintains Buy on Starbucks, Lowers Price Target to $61",2018-06-26
REMINDER: Starbucks Founder Howard Schultz Officially Steps Down As Chairman Today,2018-06-26
Starbucks CFO Scott Maw to Retire,2018-06-28
8 Biggest Price Target Changes For Monday,2018-07-02
"Stephens & Co. Maintains Equal-Weight on Starbucks, Lowers Price Target to $53",2018-07-02
Morningstar's Restaurant Analyst Projects Further Store Closures In Sector,2018-07-03
CORRECTION: Starbucks CFO Scott Maw's Retirement Announced June 28th; Our Initial Headline On That Date Incorrectly Stated The Co's 'CEO' Was Retiring,2018-07-05
"PreMarket Prep Co Host Joel Elconin And Benzinga Founder, CEO Jason Raznick Will Be Discussing Tesla, Costco, Starbucks and RH Live On Benzinga's Benzinga TV YouTube Channel; Tune In To Hear/Watch The Chat!",2018-07-05
Starbucks Confirms Deputy General Counsel in Charge of Ethics and Compliance Matthew Shay Left on June 1,2018-07-05
"Benzinga's Top Upgrades, Downgrades For July 6, 2018",2018-07-06
"DZ Bank Upgrades Starbucks to Hold, Announces $48 Price Target",2018-07-06
Starbucks to Remove Plastic Straws by 2020,2018-07-09
There's An App For That: Apple's App Store Celebrates 10th Anniversary,2018-07-10
Starbucks To Report Q3 Earnings July 26th After Hours,2018-07-11
Starbucks Option Alert: Oct 19 $55 Calls Sweep (13) near the Ask: 500 @ $0.671 vs 10326 OI; Earnings 7/26 After Close Ref=$50.6099,2018-07-12
How The Starbucks Straw Ban Affects Those With Disabilities,2018-07-16
"Starbucks Shares Spike ~$0.20 Over Last Min. As Traders Circulating Questionable Chatter Of PE Interest, Possible Plan To Spin Off China Unit; Watch For Near-Term Profit Taking",2018-07-17
Starbucks Shares Up 0.30% As Traders Circulate Questionable Chatter That Jana Has Built A Stake In The Co.,2018-07-18
"Barclays Maintains Equal-Weight on Starbucks, Lowers Price Target to $57",2018-07-18
All The Major Executive Departures Of 2018 — So Far,2018-07-23
"The Week Ahead: FANG Earnings Continue, Fox Vote On Disney Deal, More IPOs",2018-07-23
"BMO Capital Maintains Market Perform on Starbucks, Lowers Price Target to $51",2018-07-24
"Starbucks Narrows FY18 Adj. EPS Outlook From $2.39-$2.43 To $2.40-$2.42 vs $2.41 Estimate, Comps Growth Just Below Previously Issued 3-5% Range, Sales Growth In High-Single Digit Range",2018-07-26
"Starbucks Q3 EPS $0.62 Beats $0.61 Estimate, Sales $6.31B Beat $6.25B Estimate",2018-07-26
"Starbucks Earnings Out After The Close Thurs., Expect Earnings To Be Released Around 4:05pm ET",2018-07-26
"Nasdaq, Tech Names Might Come Under Pressure Following Facebook's Weak Results",2018-07-26
Starbucks Q3 Earnings Preview,2018-07-26
Why Efforts To Curb Plastic Use Could Affect Your Oil Trade,2018-07-26
"15 Stocks To Watch For July 26, 2018",2018-07-26
"Earnings Scheduled For July 26, 2018",2018-07-26
"Wedbush Maintains Neutral on Starbucks, Lowers Price Target to $53",2018-07-27
Stephens' Restaurant Analyst Parses Starbucks' 'Ho-Hum' Quarter,2018-07-27
Dunkin' Stock Is Winning The Coffee War — For Now,2018-07-29
Starbucks to Deliver Coffee in China in Partnership with Alibaba's Ele.me,2018-07-30
Starbucks CEO Explains New Alibaba Partnership,2018-08-02
"Starbucks, Alibaba Group Form Strategic Partnership in China",2018-08-02
'Starbucks partners with Microsoft and a leading global exchange on a new cryptocurrency that can pay for Frappuccinos.' -Recent CNBC Tweet,2018-08-03
Form 4 Filing Late Tuesday Showed Starbucks Director Myron Ullman Sold 15K Shares at $52.13,2018-08-08
"Stocks Trading Ex Dividend For Wed., Aug. 8, 2018",2018-08-08
"13F Filing From Tiger Global Shows Increased Stake In Facebook, New 17.769K Share Stake In Spotify, New 10K Stake In Starbucks",2018-08-14
"Q2 13F Roundup: How Buffett, Einhorn, Loeb And Others Adjusted Their Portfolio",2018-08-15
"Barron's Picks And Pans: AT&T, Starbucks, State Street, Verizon And More",2018-08-19
Piper Jaffray Downgrades Starbucks On Comp Performance,2018-08-22
"Benzinga's Top Upgrades, Downgrades For August 22, 2018",2018-08-22
"A Peek Into The Markets: US Stock Futures Edge Lower, Crude Oil Up Over 1%",2018-08-22
PiperJaffray Downgrades Starbucks to Neutral,2018-08-22
How Stakeholders Are Attempting Change The Narrative On The Practicality Of Crypto Payments,2018-08-28
Coca-Cola Enters Hot Beverage Market With $5.1B Purchase Of British Chain Costa Coffee,2018-08-31
Starbucks Shares Down 2.5% On Light Volume; Stock Price Under $53; Shares Could Be Lower Following Coca-Cola ~$5B Deal To Buy Coffee Brand Costa Limited,2018-08-31
5 Questions With Cannabis Retailer MedMen,2018-09-13
Starbucks Press Release Highlights Co.'s 'Greener Stores' Commitment; Notes Greener Stores Will Help Co. Achieve $50M In Savings For Utilities Expenses Over The Next 10 Years,2018-09-13
"RBC Downgrades Dunkin Brands On Valuation, Says Coffee Franchise Taking 'Necessary Steps'",2018-09-14
"UPDATE: Starbucks Planning Organizational Shakeup, Including Undetermined Number Of Corporate Layoffs",2018-09-24
Starbucks Plans 'Significant Changes' To Company's Structure,2018-09-24
An Early Take On PepsiCo's Q3 Earnings Report,2018-10-02
3 Restaurants That Could See Labor Pressure From Amazon's Wage Increase,2018-10-03
Who To Choose In Fast Food? KeyBanc Sizes Them Up,2018-10-04
"Benzinga's Top Upgrades, Downgrades For October 4, 2018",2018-10-04
KeyBanc: Starbucks Is A Buy Despite Recent Weakness,2018-10-04
"KeyBanc Initiates Coverage On Starbucks with Overweight Rating, Announces $65 Price Target",2018-10-04
Meet The 28-Year-Old Immigrant Behind An App Helping Blue-Collar Workers Find Decent Jobs Quickly,2018-10-08
Starbucks Names Patrick Grismer CFO,2018-10-08
Bill Ackman Reveals A New Long Position In Starbucks,2018-10-09
"UPDATE: Bill Ackman Of Pershing Square Sees Potential For Starbucks Shares To More Than Double Over Next 3 Years, Sees Recent Steps By New CEO Johnson 'Encouraging'",2018-10-09
Pershing Square Says China Will Become An Increasingly Greater Percentage Of Starbucks Over Time,2018-10-09
Pershing Square Says Owns 15.2M Shares Of Starbucks At Avg. Cost Of $52/Share,2018-10-09
Starbucks Option Alert: Fri $59 Calls at the Ask: 3785 @ $0.24 vs 1989 OI; Earnings 11/1 After Close [est] Ref=$57.84,2018-10-09
Starbucks shares are trading up 2.8% after Pershing Square's Bill Ackman announced a new 15.2 million share stake in the company.,2018-10-09
Starbucks Option Alert: Fri $59 Calls at the Ask: 953 @ $0.6 vs 1989 OI; Earnings 11/1 After Close [est] Ref=$58.79,2018-10-09
"Pershing Square's Bill Ackman Unveils New $900M, 15.2M Share Stake In Starbucks",2018-10-09
Hearing Pershing Square's Bill Ackman To Reveal Stake In Starbucks; Shares Up 4.5%,2018-10-09
Investor Movement Index September Summary,2018-10-09
A Latin American Angel Investor's Advice On How To Succeed In Tech,2018-10-10
Cannabis Production Consumes Less Energy Than McDonald's,2018-10-10
"Bank of America Maintains Buy on Starbucks, Raises Price Target to $64",2018-10-10
Dan Nathan Sees Unusual Options Activity In Starbucks,2018-10-10
"Pot Stocks, ETFs, Top News And Data From The Cannabis Industry This Week",2018-10-12
Positive Vibes: Bank Results Shift Focus Back To Earnings as Overseas Stocks Rise,2018-10-12
Starbucks Highlights $5B Accelerated Buyback,2018-10-12
"Starbucks To Report Q4 Earnings On Thurs., Nov. 1, 2018 After Market Close",2018-10-17
"Wells Fargo Maintains Outperform on Starbucks, Raises Price Target to $64",2018-10-17
"Starbucks Reports Intent To Fully License Co. Operations With Alsea In France, The Netherlands, Belgium, Luxembourg",2018-10-18
Where Do Teens Dine? This Survey May Have The Answer,2018-10-27
"Benzinga's Week Ahead: Can Facebook, Apple Earnings Rescue The Stock Market?",2018-10-29
"Starbucks Sees FY19 Adj. EPS $2.61-$2.66 vs $2.64 Estimate, Global Comps Near The Lower End Of Previously-Issued 3-5% Range",2018-11-01
"Starbucks Corporation Q4 EPS $0.62 Beats $0.60 Estimate, Sales $6.304B Beat $6.28B Estimate",2018-11-01
Starbucks To Report Q4 Earnings After The Closing Bell; Co. Historically Issues Its Report At 4:05 p.m. ET,2018-11-01
Starbucks Option Alert: Nov 16 $60 Calls Sweep (13) near the Ask: 586 @ $1.044 vs 17519 OI; Earnings 11/1 After Close Ref=$58.69,2018-11-01
"12 Stocks To Watch For November 1, 2018",2018-11-01
"Earnings Scheduled For November 1, 2018",2018-11-01
"Baird Maintains Outperform on Starbucks, Raises Price Target to $72",2018-11-02
"Bank of America Maintains Buy on Starbucks, Raises Price Target to $68",2018-11-02
64 Stocks Moving In Friday's Mid-Day Session,2018-11-02
"Barclays Maintains Equal-Weight on Starbucks, Raises Price Target to $60",2018-11-02
"BMO Capital Maintains Market Perform on Starbucks, Raises Price Target to $58",2018-11-02
Analysts React To Starbucks' Brewing Q4 Success,2018-11-02
Starbucks Corp shares are up 10.5% after the company beat Q4 earnings estimates.,2018-11-02
"Wedbush Maintains Neutral on Starbucks, Raises Price Target to $64",2018-11-02
"Benzinga Pro's Top 10 Most-Searched Tickers For Morning Of Fri., Nov. 2, 2018",2018-11-02
"Tug-of-War: Solid Jobs Report, China Trade Talks Lift Market, But AAPL Disappoints",2018-11-02
34 Stocks Moving In Friday's Pre-Market Session,2018-11-02
"12 Stocks To Watch For November 2, 2018",2018-11-02
10 Biggest Price Target Changes For Monday,2018-11-05
"Benzinga's Top Upgrades, Downgrades For November 5, 2018",2018-11-05
"Mizuho Upgrades Starbucks to Buy, Raises Price Target to $75",2018-11-05
74 Biggest Movers From Friday,2018-11-05
"IMX Dips In October, But Investors Remain Bullish",2018-11-06
Investor Movement Index October Summary,2018-11-06
"Stocks Which Set New 52-Week High Yesterday, Wed., Nov. 7, 2018",2018-11-08
4 Expert Takes On Alibaba's Singles Day Sale,2018-11-12
"Argus Upgrades Starbucks to Buy, Announces $79 Price Target",2018-11-12
"Citigroup Maintains Buy on Starbucks, Raises Price Target to $81",2018-11-12
Starbucks CEO Talks China With Cramer,2018-11-13
"Starbucks To Lay Off 5% Of Corporate Workforce, Totaling Around 350 Employees; Layoffs Don't Include Any Cafe Employees",2018-11-13
"Coca-Cola CEO Talks Coffee, Cannabis With Cramer",2018-11-19
"Starbucks Option Alert: Jan, 2020 $80 Calls at the Ask: 600 @ $2.75 vs 2172 OI; Ref=$67.575",2018-11-21
'Thai oil giant to take on Starbucks with $1.3bn investment plan' -Nikkei Asian Review,2018-11-28
How Russia Prepared Renaissance Capital Co-Founder Boris Jordan For The Cannabis Industry,2018-12-05
Starbucks shares down 2.7% after company reaffirmed its FY19 guidance and said is expecting longer-term sales growth 7-9% and adjusted EPS growth at least 10%.,2018-12-13
"Starbucks Expecting Sales Growth 7-9% Year Over Year On Longer-Term Basis, Adj. EPS Growth At Least 10%",2018-12-13
5 Stocks Moving In Thursday's After-Hours Session,2018-12-13
Starbucks Highlights Content From Today's Investor Day Meeting; Co. Reaffirms FY19 Guidance,2018-12-13
Starbucks 2018 Investor Day Presentation,2018-12-13
Starbucks Is Partnering With Uber Eats And Bringing Starbucks Deliveries To Nearly A Quarter Of Co.'s US Company-Operated Stores In 2019,2018-12-13
Starbucks Option Alert: Fri $68 Calls Sweep (33) near the Ask: 2061 @ $0.228 vs 3096 OI; Earnings 1/24 After Close [est] Ref=$66.48,2018-12-13
Hearing Starbucks To Return $25B To Shareholders From FY18 Through FY20,2018-12-13
Starbucks Option Alert: Fri $67 Calls Sweep (4) near the Ask: 1001 @ $0.865 vs 5123 OI; Earnings 1/24 After Close [est] Ref=$67.06,2018-12-13
"Starbucks Analysts Have Lukewarm Reaction To China, Delivery Plans",2018-12-14
Starbucks shares fall 2.6% after the company trimmed long-term annual EPS growth from 12% or greater to atleast 10%.,2018-12-14
8 Biggest Price Target Changes For Friday,2018-12-14
"Wells Fargo Reiterates Outperform on Starbucks, Raises Price Target to $73",2018-12-14
20 Stocks Moving In Friday's Pre-Market Session,2018-12-14
"5 Stocks To Watch For December 14, 2018",2018-12-14
"Bulls & Bears Of The Week: Apple, AT&T, Exxon, Starbucks And More",2018-12-16
Starbucks shares are trading lower after the European Commission cleared the acquisition of Costa Coffee by Coca-Cola.,2019-01-03
Investor Movement Index December Summary,2019-01-07
"TD Ameritrade IMX Continued Its Dip In December, Falling To A More Than Two-Year Low",2019-01-08
"McDonald's, Restaurant Brands, Chipotle Are Morgan Stanley's Top Restaurant Picks In Challenging Year For Sector",2019-01-11
Starbucks shares are trading lower after Goldman downgraded from Buy to Neutral and lowered the price target from $75 to $68.,2019-01-11
UPDATE: Goldman Downgrades Starbucks 'on incremental China concerns and valuation',2019-01-11
"Benzinga's Top Upgrades, Downgrades For January 11, 2019",2019-01-11
"Goldman Sachs Downgrades Starbucks to Neutral, Lowers Price Target to $68",2019-01-11
Goldman Sachs Downgrades Starbucks to Neutral from Buy; Lowers Price Target to $68 from $75,2019-01-11
"Goldman On Restaurants: Buy Texas Roadhouse, Sell Yum, Hold Starbucks",2019-01-12
"Barron's Picks And Pans: Amazon, Apple, Bristol-Myers, Starbucks And More",2019-01-13
"Jim Cramer Shares His Thoughts On Alibaba, Dynavax, Starbucks And More",2019-01-15
"Analyst: Starbucks Stock Remains Robust, But Keep Eye On China",2019-01-18
Starbucks Option Alert: Mar 15 $67.5 Calls Sweep (18) near the Ask: 1198 @ $1.239 vs 11193 OI; Earnings 1/24 After Close Ref=$65.14,2019-01-22
Starbucks Option Alert: Jun 21 $67.5 Calls Sweep (28) above Ask!: 506 @ $2.46 vs 1446 OI; Earnings 1/24 After Close Ref=$65.03,2019-01-22
Starbucks Announces Expansion of Starbucks Delivers Powered by Uber Eats,2019-01-22
Analysts Bullish On Starbucks Despite Fast-Moving Chinese Competition,2019-01-23
"From Starbucks Conference Call: Co. To Yield Significantly Lower Sales Growth In Q2 Compared To Q1, Also Expects Q2 Non-GAAP Operating Margin To Be Lower",2019-01-24
From Starbucks Conference Call: Co. Says Q4 Results Were Enabled In Part By Solid Execution During Holiday Season,2019-01-24
"From Starbucks Conference Call: Co. Says On Chine, Expects Competition To Remain Highly Promotional And Disruptive",2019-01-24
"From Starbucks Conference Call: Co. Says Partnership With Uber Eats Is Gaining Momentum, Expects To Bring Delivery To Nearly 1/4 Of US Company-Operated Stores By April",2019-01-24
9 Stocks Moving In Thursday's After-Hours Session,2019-01-24
Starbucks Shares Perk Up After Q1 Earnings Beat,2019-01-24
"Starbucks Shares Up 3% Amid Q1 Beat, Better-Than-Expected FY19 Guidance",2019-01-24
"Starbucks Q1 Comps Up 4%, China Comps Up 1%",2019-01-24
Starbucks Sees FY19 Global Comps Up 3-4% Year Over Year,2019-01-24
Starbucks Sees FY19 Adj. EPS $2.68-$2.73 vs $2.65 Estimate,2019-01-24
"Starbucks Q1 Adj. EPS $0.75 Beats $0.65 Estimate, Sales $6.6B Beat $6.49B Estimate",2019-01-24
Starbucks To Report Q1 Earnings After The Closing Bell; Co. Historically Issues Its Report At 4:05 p.m. ET,2019-01-24
Starbucks Option Alert: Feb 1 $67 Calls Sweep (24) near the Ask: 968 @ $0.884 vs 1099 OI; Earnings 1/24 After Close Ref=$65.6,2019-01-24
Starbucks Option Alert: Feb 15 $68.5 Calls at the Ask: 500 @ $0.511 vs 27 OI; Earnings 1/24 After Close Ref=$65.4605,2019-01-24
RBC Previews McDonald's Q4 And Looks Forward To 2019,2019-01-24
"12 Stocks To Watch For January 24, 2019",2019-01-24
"Earnings Scheduled For January 24, 2019",2019-01-24
Starbucks CEO Says A Cannabis-Infused Drink Is 'Not On The Roadmap',2019-01-25
3 Catalysts That Make Alibaba A Top Mega-Cap Pick At MKM,2019-01-25
"The Street Mostly Agrees: Starbucks Print Shows 'Positive, Less Controversial' Quarter",2019-01-25
"Benzinga Pro's Top 10 Most-Searched Tickers For Afternoon Of Fri., Jan. 25, 2019",2019-01-25
35 Stocks Moving In Friday's Mid-Day Session,2019-01-25
Market Looks To End Week On High Note Amid Potential Progress On Ending Shutdown,2019-01-25
Starbucks CEO Kevin Johnson Says Marijuana Infused Drinks Are Not On Roadmap,2019-01-25
"Morgan Stanley On Starbucks Notes 'Continued sequential improvement in U.S. traffic, and stable China results in the face of investor fears for worse were the notable headlines for 1Q results'; Maintains Equal-Weight, $70 Target",2019-01-25
21 Stocks Moving In Friday's Pre-Market Session,2019-01-25
Morning Earnings Recap: The Biggest Reports From Thursday's Session,2019-01-25
"10 Stocks To Watch For January 25, 2019",2019-01-25
Former Starbucks CEO Howard Schultz Says Considering a Run for U.S. President as an Independent,2019-01-27
"Benzinga's Bulls & Bears Of The Week: Ford, Intel, Starbucks, Twitter And More",2019-01-27
"'... Besides, America already has that! I only hope that Starbucks is still paying me their rent in Trump Tower!' -Trump Tweets (2/2)",2019-01-28
"'Howard Schultz doesn't have the ""guts"" to run for President! Watched him on @60Minutes last night and I agree with him that he is not the ""smartest person.""...' Trump Tweets (1/2)",2019-01-28
Starbucks Faces Yet Another Competitor In China: WeWork,2019-01-30
X Starbucks Option Alert: Fri $69 Calls Sweep (30) near the Ask: 911 @ $0.22 vs 1638 OI; Ref=$68.87,2019-02-01
Starbucks Ramps Up Coffee Delivery,2019-02-06
Opinion: How Organizational Transformation Impacts Shareholder Value,2019-02-08
Nestle Launches First Starbucks Products Under Last Year's $7.15 Bln Coffee Deal,2019-02-13
13F From Ackman's Pershing Square Shows New ~11.75M Share Stake In Starbucks,2019-02-14
"Q4 13F Roundup: How Buffett, Einhorn, Ackman And Others Adjusted Their Portfolios",2019-02-15
Headline Edge: Which Stocks Have Been Most Impacted By The US-China Trade War?,2019-02-28
"China's Luckin Coffee Selects Credit Suisse, Goldman Sachs, Morgan Stanley for U.S. IPO",2019-02-28
Amazon Pulls Out Of Massive Office Project In Seattle,2019-03-01
A New Look For The Barron's 400 ETF,2019-03-19
Bill Ackman's Pershing Square Year-To-Date Return Is 31.9%,2019-03-20
Starbucks Revamps Rewards Program,2019-03-20
Starbucks Reports Committed $100M As A Cornerstone Investor In Valor Siren Ventures; Will Focus On 'New Retail' Innovation,2019-03-20
"Bulls & Bears Of The Week: Boeing, Facebook, Fox, Netflix, Starbucks And More",2019-03-24
"Benzinga's Top Upgrades, Downgrades For April 8, 2019",2019-04-08
A Peek Into The Markets: US Stock Futures Signal Lower Start On Wall Street,2019-04-08
"UBS Downgrades Starbucks to Neutral, Raises Price Target to $78",2019-04-08
Startups In Seattle: Where Are The Amazon Spin-Out Companies?,2019-04-10
Dan Nathan Sees Unusual Options Activity In Starbucks,2019-04-16
"Nestle CEO Says No Material Sales From New Starbucks Products Yet For Q1, But Demand Looks Encouraging",2019-04-18
"'Coca-Cola is launching its own coffee, energy drink this year' -NY Post",2019-04-24
UPDATE: Starbucks Raises FY19 Adj. EPS From $2.68-$2.73 To $2.75-$2.79 vs $2.71 Estimate,2019-04-25
Starbucks Raises Guidance,2019-04-25
"Starbucks Q2 EPS $0.60 Beats $0.56 Estimate, Sales $6.306B Miss $6.31B Estimate",2019-04-25
Starbucks To Report Q2 Earnings After The Closing Bell; Co. Historically Issues Its Report Around 4:05 p.m. ET,2019-04-25
Is A Chipotle Short Squeeze Ahead?,2019-04-25
"13 Stocks To Watch For April 25, 2019",2019-04-25
"Earnings Scheduled For April 25, 2019",2019-04-25
"Starbucks Continues Grande Growth In China, But Flat US Traffic Hurts Quarter",2019-04-26
"Bank of America Earlier Reiterated Buy on Starbucks Corporation - Common Stock, Raised Price Target to $85",2019-04-26
"Barclays Maintains Equal-Weight on Starbucks Corporation - Common Stock, Raises Price Target to $75",2019-04-26
"Morgan Stanley Maintains Equal-Weight on Starbucks Corporation - Common Stock, Raises Price Target to $75",2019-04-26
"BMO Capital Maintains Market Perform on Starbucks Corporation - Common Stock, Raises Price Target to $70",2019-04-26
"Wedbush Maintains Neutral on Starbucks Corporation - Common Stock, Raises Price Target to $75",2019-04-26
"Stephens & Co. Maintains Equal-Weight on Starbucks Corporation - Common Stock, Raises Price Target to $72",2019-04-26
"Intel Guidance Disappoints, But Earnings Season Overall Has Surprised To Upside",2019-04-26
"Benzinga's Top Upgrades, Downgrades For April 26, 2019",2019-04-26
"Amgen, Anthem, Starbucks, SMH: 'Fast Money' Picks For April 26",2019-04-26
Wells Fargo Downgrades Starbucks Corporation - Common Stock to Market Perform,2019-04-26
Starbucks Option Alert: Jun 21 $80 Calls at the Ask: 2175 @ $0.72 vs 14089 OI; Ref=$77.3401,2019-04-30
"Alphabet, Marriott, Starbucks And More: 'Fast Money Halftime Report' Picks For May 1",2019-05-01
Starbucks Recalls Bodum Recycled Coffee Presses Due To Laceration Hazard,2019-05-01
"Fed Day Underway, But Focus Might Be On Apple As Results Get Positive Read",2019-05-01
'Game Of Thrones' Viewers Spot A Starbucks Cup In Winterfell,2019-05-06
"Citigroup Maintains Buy on Starbucks Corporation - Common Stock, Raises Price Target to $90",2019-05-06
Today's Pickup: Emerging Economies Are Disrupting Global Trade Dynamics,2019-05-08
About That Coffee Cup In 'Game Of Thrones': It Wasn't Starbucks,2019-05-08
"Jim Cramer Weighs In On CVS, Starbucks, Tilray And More",2019-05-08
"13F From Ackman's Pershing Square Shows Cut Stakes In Starbucks, Restaurant Brands",2019-05-15
"Chipotle, Starbucks, Restaurant Brands Among Pershing Square's Top Q1 Performers",2019-05-17
Luckin Coffee Opens Above IPO Price,2019-05-17
What The Luckin Coffee IPO Means For Starbucks,2019-05-17
"Q1 13F Roundup: How Buffett, Einhorn, Ackman And Others Adjusted Their Portfolios",2019-05-17
Pershing Square Issues Q1 Shareholder Letter From Bill Ackman,2019-05-17
"Starbucks shares trading lower given weakness in the broader Chinese stock market. Over the last couple years, Starbucks has become a good indicator for the health of the Chinese consumer.",2019-05-20
Shares of several retail companies are trading higher amid eased trade tensions after China's Commerce Ministry stated they are open to dialogue to resolve trade tensions; Mexico trade concerns also eased after Mexican officials said they could find commo,2019-06-04
A Fintech CEO Explains Why Gift Cards Are More Important Than Ever For Businesses,2019-06-08
"Piper Jaffray Maintains Neutral on Starbucks, Raises Price Target to $82",2019-06-10
"KeyBanc Takes Bullish Stance On China's Luckin Coffee, Sees Profitability On Horizon",2019-06-11
"Benzinga's Top Upgrades, Downgrades For June 12, 2019",2019-06-12
"Evercore ISI Group Initiates Coverage On Starbucks with In-Line Rating, Announces $82 Price Target",2019-06-12
Coffee Supply Chains Are Now Going The Blockchain Way,2019-06-14
Ask Our Experts 6/16/2019: Sage Advertising Advice Shared At Women Grow Leadership Summit,2019-06-17
Cramer Passes On Buying Coffee Stocks — For Now,2019-06-19
Starbucks And Grubhub: 'Trading Nation' Millennial Picks,2019-06-21
"UPDATE: Credit Suisse Initiates Starbucks With Outperform, $92 Target As Firm Notes 'An evolving digital ecosystem, beverage innovation, improved food platform, enhanced operations and pricing power support our 3-4% SSS estimate long term'",2019-06-25
"Benzinga's Top Upgrades, Downgrades For June 25, 2019",2019-06-25
"'Fast Money' Traders Talk Gold, Defensive Stocks And More",2019-06-25
"Credit Suisse Initiates Coverage On Starbucks with Outperform Rating, Announces $92 Price Target",2019-06-25
"Benzinga's Top Upgrades, Downgrades For June 26, 2019",2019-06-26
8 Biggest Price Target Changes For Wednesday,2019-07-03
"'Fast Money' Traders Weigh In On McDonald's, Chipotle And More",2019-07-03
"Starbucks Option Alert: Jun, 2020 $115 Calls at the Ask: 1500 @ $0.73 vs 33 OI; Earnings 7/25 After Close [est] Ref=$87.7799",2019-07-05
"'Trading Nation' Breaks Down Under Armour, AMD, Starbucks And Hershey",2019-07-09
'Satisfying Growth': Oppenheimer Raises Starbucks Price Target Ahead Of Q3 Print,2019-07-11
"Oppenheimer Maintains Outperform on Starbucks, Raises Price Target to $95",2019-07-11
Starbucks Shares Down 0.1% Despite Hearing OTR Global Upgraded Stock From Mixed To Positive,2019-07-16
"Morgan Stanley Maintains Equal-Weight on Starbucks, Raises Price Target to $81",2019-07-18
Nestlé And Starbucks Launch Starbucks Coffee Creamers In US,2019-07-22
Starbucks Announces 'Starbucks Delivers' Service Through Uber Eats To Available Throughout US In Early 2020,2019-07-23
"Starbucks Late Mon. Reported Is Granting Brightloom Software License To Select Components Of Starbucks' Proprietary Digital Flywheel Software; Co. Will Take Undisclosed Equity Stake In Brightloom, No Terms Disclosed",2019-07-23
"'Trading Nation' Traders Talk Chipolte, McDonald's And Starbucks",2019-07-23
5 Stocks Moving In Thursday's After-Hours Session,2019-07-25
Starbucks Shares Are Hot After Q3 Earnings Beat,2019-07-25
Starbucks shares are trading higher after the company reported better-than-expected Q3 EPS and sales results. The company also reported comparable store sales are up 6% globally.,2019-07-25
Starbucks Raises FY19 Adj. EPS Guidance From $2.75-$2.79 To $2.80-$2.82 vs $2.79 Est.,2019-07-25
Starbucks Q3 Comparable Store Sales Up 6% Globally,2019-07-25
"Starbucks Q3 Adj. EPS $0.78 Beats $0.72 Estimate, Sales $6.82B Beat $6.67B Estimate",2019-07-25
A Peek Into The Markets: US Stock Futures Mixed Ahead Of Earnings,2019-07-25
"Earnings Scheduled For July 25, 2019",2019-07-25
"12 Stocks To Watch For July 25, 2019",2019-07-25
Companies That Achieved 52-Week Highs Friday,2019-07-26
45 Stocks Moving In Friday's Mid-Day Session,2019-07-26
"A Look At Benzinga Pro's Most-Searched Tickers For July 26, 2019",2019-07-26
Starbucks Posts Q3 Beat: 2 Wall Street Takes,2019-07-26
"Intel, Twitter And More 'Fast Money' Picks For July 26",2019-07-26
"Benzinga Pro's Top 10 Most-Searched Tickers For Morning of Friday, July 26, 2019",2019-07-26
"Baird Maintains Outperform on Starbucks, Raises Price Target to $98",2019-07-26
10 Biggest Price Target Changes For Friday,2019-07-26
"Stifel Nicolaus Maintains Hold on Starbucks, Raises Price Target to $90",2019-07-26
"Wedbush Maintains Neutral on Starbucks, Raises Price Target to $95",2019-07-26
Starbucks shares are trading higher after the company reported better-than-expected Q3 EPS and sales results. The company also reported comparable store sales up 6% globally and raised FY19 guidance.,2019-07-26
"Morgan Stanley Maintains Equal-Weight on Starbucks, Raises Price Target to $88",2019-07-26
32 Stocks Moving In Friday's Pre-Market Session,2019-07-26
A Peek Into The Markets: US Stock Futures Rise; GDP Data In Focus,2019-07-26
"Stephens & Co. Maintains Equal-Weight on Starbucks, Raises Price Target to $90",2019-07-26
"KeyBanc Maintains Overweight on Starbucks, Raises Price Target to $105",2019-07-26
"10 Stocks To Watch For July 26, 2019",2019-07-26
Starbucks And More 'Fast Money Halftime Report' Picks From July 26,2019-07-27
"Bulls And Bears Of The Week: Coca-Cola, Intel, Mattel, Starbucks And More",2019-07-28
JPMorgan Says Starbucks Valuation Has Become 'Beyond A Stretch',2019-07-29
"Top 10 Most Overbought Stocks Via Benzinga Pro's Screener Tool For Mon., July 29, 2019",2019-07-29
UPDATE: Goldman On Starbucks Also Notes 'We are bullish on the potential for delivery';; Firm Is Also 'more constructive on China as the company is in the midst of ramping delivery and mobile order and pay',2019-07-29
"UPDATE: Goldman Initiates Starbucks With Buy, $110 Target As Firm Notes 'We find SBUX's sales strongly tied to the macro vs. all the other publicly traded QSRs, with the tightest labor market in over 50 years driving robust sales'",2019-07-29
"Benzinga's Top Upgrades, Downgrades For July 29, 2019",2019-07-29
"Host Of Earnings Loom With Beyond Meat, Apple Among Highlights Ahead Of Fed, Payrolls",2019-07-29
"UPDATE: JP Morgan Downgrades Starbucks To Neutral As Firm Notes 'We do not believe SBUX deserves to trade at >30x NTM estimates, a level previously achieved in 2H:2015 when EPS growth was viewed as 15-20%, vs 10-15% now'",2019-07-29
10 Biggest Price Target Changes For Monday,2019-07-29
"UBS Maintains Neutral on Starbucks, Raises Price Target to $95",2019-07-29
"Goldman Sachs Initiates Coverage On Starbucks with Buy Rating, Announces $110 Price Target",2019-07-29
"Baird Downgrades Starbucks to Neutral, Announces $98 Price Target",2019-07-29
"JP Morgan Downgrades Starbucks to Neutral, Announces $91 Price Target",2019-07-29
62 Biggest Movers From Friday,2019-07-29
"Bulls And Bears Of The Week: Boeing, GM, Pfizer, Starbucks And More",2019-08-03
Nestle Starts Selling Starbucks-branded Coffee in China,2019-08-08
Add Some Excitement To Your Consumer Staples Investing With This ETF,2019-08-14
"Luckin Coffee CFO Talks Trade War, Competition And Path To Profitability",2019-08-15
"Q2 13F Roundup: How Buffett, Einhorn, Ackman And Others Adjusted Their Portfolios",2019-08-15
A Surprising Sector ETF For Avoiding International Revenue Exposure,2019-08-16
Union Rejects Contract Offer From Big Starbucks Distributor,2019-08-26
Starbucks CEO Sees Zero Signs Of Pending Recession,2019-08-27
Starbucks shares are trading lower after the company set 2020 profit growth lower than the current 10% rate.,2019-09-04
Starbucks Shares Tick Lower On Slow Growth Reports,2019-09-04
Starbucks Shares Fall 3%; Hearing Co. Sees FY20 Adj. EPS Growth Below 10% Model,2019-09-04
5 Companies Taking Big Steps To Reduce Virgin Plastic Waste,2019-09-05
Howard Schultz Won't Be Running For President In 2020,2019-09-06
'Starbucks CEO Howard Schultz says he's abandoning 2020 presidential ambitions via FOX NEWS' -Tweet,2019-09-06
Starbucks Option Alert: Oct 18 $97.5 Calls at the Ask: 5000 @ $0.37 vs 3370 OI; Earnings 10/31 After Close [est] Ref=$90.465,2019-09-10
Shares of several restaurants and companies in the broader fast food market are trading lower in sympathy with Wendy's after the company issued weak FY19 EPS guidance.,2019-09-10
Starbucks Investors Breathe Sigh Of Relief Amid Report Of No SEC Inquiry,2019-09-11
Starbucks Shares Spike Higher As Hearing There Is No SEC Inquiry Into Co.,2019-09-11
"The Cannabis Company Backed By Jay-Z And Joe Montana Gets New Execs, Board Members",2019-09-13
"Starbucks, Google Score Legal Victories In Europe; Fiat Has To Pay Up",2019-09-24
"EC Says Will Carefully Analyse EU Court Rulings on Tax Cases Involving Starbucks, Fiat",2019-09-24
Shares of several fast food/casual stocks trading lower following a warning from a JP Morgan analyst that signals into McDonald's checks indicate weaker-than-expected Q3 comps. NOTE: The overall stock market is on a downward trend contributing to the fall in fast food stocks today.,2019-10-01
"Roku, Starbucks And More 'Fast Money' Picks For October 8",2019-10-08
Todd Gordon's Starbucks Options Trade,2019-10-10
"Barron's Picks And Pans: Apple, Boeing, GE, Kellogg And More",2019-10-12
13 Stocks With The Highest EPS Growth Over The Past 5 Years,2019-10-21
"Jim Cramer Gives His Opinion On Canagra, Vodafone And More",2019-10-25
"Digital Assets Co., Bakkt, Says Is Focused On Development Of Consumer App, Merchant Portal, Testing With Starbucks",2019-10-28
More Earnings And A Fed Decision In Week Four Of The WeTrader Competition,2019-10-28
"Starbucks Says Rewards Program In China Reached 10M Members At End Of Q4, Up 45% YoY",2019-10-30
9 Stocks Moving In Wednesday's After-Hours Session,2019-10-30
Starbucks shares are trading higher after the company reported better-than-expected Q4 sales results. The company also reported global comparable store sales are up 5%.,2019-10-30
Starbucks Sees FY20 Adj. EPS $3.00-$3.05 vs $3.07 Est.,2019-10-30
Starbucks Global Comparable Store Sales Up 5%,2019-10-30
"Starbucks Q4 Adj. EPS $0.7, Inline, Sales $6.75B Beat $6.67B Estimate",2019-10-30
Notable Earnings Times After The Close (List),2019-10-30
"10 Stocks To Watch For October 30, 2019",2019-10-30
"Earnings Scheduled For October 30, 2019",2019-10-30
Starbucks Tops Estimates Growing Traffic For The Second Consecutive Quarter,2019-10-31
Analysts Drink Up Starbucks' Solid Quarter,2019-10-31
"With China Trade Back In Focus, Strong Earnings From Apple, Facebook Blunt The Blow",2019-10-31
Thursday's Market Minute: Tricks Or Treats?,2019-10-31
10 Biggest Price Target Changes For Thursday,2019-10-31
"Bank of America Maintains Buy on Starbucks, Lowers Price Target to $97",2019-10-31
"9 Stocks To Watch For October 31, 2019",2019-10-31
"Bulls And Bears Of The Week: Apple, Facebook, Starbucks, Wayfair And More",2019-11-03
"Uber Shares Hit The Curb After Earnings, But Trade Optimism Continues To Lift Market",2019-11-05
"'Fast Money Halftime Report' Traders Give Their View On Ford, Starbucks And More",2019-11-07
"Veterans Day Deals: Businesses Say Thanks With Free Coffee, Pizza, Clothing And Dental Work",2019-11-08
"Starbucks To Open Largest Store In Chicago: 5 Stories, Cocktail Bar, 3 Coffee Bars And More",2019-11-13
Carnival Cruise Ditches Coca-Cola For PepsiCo,2019-11-18
Luckin Coffee's Impressive Growth And Retail Model Could Dethrone Starbucks In China,2019-11-18
'Nestle Sees $250 Million Sales Boost for Starbucks Products' -Bloomberg,2019-11-19
"Citi Maintains Buy on Starbucks, Lowers Price Target to $105",2019-11-20
Starbucks Takes Advantage Of Cold Brew Growth For The Holiday Season,2019-12-03
"'Fast Money Halftime Report' Traders Weigh In On Cleveland-Cliffs, Slack And More",2019-12-04
Reddit Users Are Growing Fast: How Does It Compare To Facebook And Twitter?,2019-12-04
Dan Nathan's Starbucks Option Trade,2019-12-09
"Holiday Season Can Wait: Packed Calendar Includes Fed, Earnings, Tariff Deadline",2019-12-09
Which Restaurant Stocks Is RBC Hungry For?,2019-12-10
Investor Movement Index: November 2019,2019-12-10
"Benzinga's Top Upgrades, Downgrades For December 10, 2019",2019-12-10
"RBC Capital Initiates Coverage On Starbucks with Outperform Rating, Announces $97 Price Target",2019-12-10
McDonald's Boards The Vegan Train In The Technological Era,2019-12-12
"UPDATE: JP Morgan Upgrades Starbucks To Overweight, Raises Target To $94 After Firm Met With Management And 'sensed a high degree of confidence that the ""growth at scale"" agenda is working in the near and medium term'",2019-12-12
Analysts In Cars Getting Coffee: JPMorgan Upgrades Starbucks After Traveling To HQ,2019-12-12
Starbucks shares are trading higher after JP Morgan upgraded the stock from Neutral to Overweight and raised the price target from $90 to $94 per share.,2019-12-12
10 Biggest Price Target Changes For Thursday,2019-12-12
"A Peek Into The Markets: US Stock Futures Edge Higher Ahead Of Initial Jobless Claims, Producer Prices Data",2019-12-12
"JP Morgan Upgrades Starbucks to Overweight, Raises Price Target to $94",2019-12-12
JP Morgan Upgrades Starbucks to Overweight from Neutral; Raises Price Target to $94 from $90,2019-12-12
'Fast Money' Picks For December 13,2019-12-13
"Morgan Stanley Maintains Equal-Weight on Starbucks, Raises Price Target to $95",2019-12-19
Can Luckin Coffee Beat Starbucks At Its Own Game?,2019-12-20
Starbucks Losing Ground To Homegrown Luckin Coffee In China,2020-01-02
"Benzinga's Bulls And Bears Of The Week: Apple, Disney, Starbucks, Tiffany And More",2020-01-04
"Supreme Cannabis CEO Departs, Company Appoints Former Starbucks Exec On Interim Basis",2020-01-06
Starbucks Biggest Chinese Rival Expands Into Vending Machines Business,2020-01-08
Option Traders Make Big Bets Luckin Coffee Rally Isn't Over,2020-01-09
Starbucks shares are trading higher after Barclays upgraded the stock from Equal-Weight to Overweight and announced a price target of $107 per share.,2020-01-09
"Barclays Upgrades Starbucks to Overweight, Announces $107 Price Target",2020-01-09
"The Week In Cannabis: New York, Mississippi, Illinois, Mexico, High Times And More",2020-01-10
"Starbucks Option Alert: Jan, 2021 $95 Calls at the Ask: 1500 @ $6.451 vs 2189 OI; Earnings 1/28 After Close Ref=$91.33",2020-01-13
"Starbucks To Report Q1 Earnings On Tues., Jan. 28, 2020 After Market Close",2020-01-14
Pro Investor Says Luckin Coffee More Than Just A Popular Coffee Brand,2020-01-17
Beyond Meat Shares Surge As Starbucks Looks Towards Plant Options In Carbon Pledge,2020-01-22
Starbucks Shares Down 0.8% Despite Hearing Gordon Haskett Positive On Co./Stock,2020-01-23
10 Restaurants Stocks Moving In Monday's Session,2020-01-27
What To Make Of Monday's Market Sell-Off,2020-01-27
"Going Viral: Stocks On Their Back As Virus Spreads Heading Into Key Earnings, Fed Week",2020-01-27
Starbucks shares are trading lower as weakness in global equities continues amid the spread of the Wuhan coronavirus. NOTE: Starbucks has exposure to the Chinese market.,2020-01-27
"Amazon Employees Publicly Condemn Company's Communications, Climate Policies",2020-01-27
From Starbucks Earnings Conference Call: Exec Says 'We Would Have Raised FY Guidance If It Wasn't For Uncertainty Of Coronavirus',2020-01-28
"Starbucks Reports Q1 Earnings Beat, Addresses Potential Coronavirus Impact",2020-01-28
Starbucks Q1 Comparable Store Sales Up 5% Globally; Up 6% In US And 3% In China,2020-01-28
"Starbucks Reaffirms FY20 Guidance, Says Guidance 'excludes any impact of the coronavirus'",2020-01-28
"Starbucks Q1 Adj. EPS $0.79 Beats $0.75 Estimate, Sales $7.097B Miss $7.1B Estimate",2020-01-28
Turnaround Tuesday? Stocks Look To Bounce Back As Apple Earnings Loom Later,2020-01-28
"Benzinga Pro's Top 5 Stocks To Watch For Tues., Jan. 28, 2020: AAPL, BWA, HAPP, APT, SBUX",2020-01-28
Here's How Much Investing $100 In Starbucks Stock Back In 2010 Would Be Worth Today,2020-01-28
A Preview Of Starbucks' Q1 Earnings,2020-01-28
"A Peek Into The Markets: US Stock Futures Up Ahead Of Earnings, Fed Meeting",2020-01-28
"10 Stocks To Watch For January 28, 2020",2020-01-28
"Earnings Scheduled For January 28, 2020",2020-01-28
"Asia Stocks Drop As Death Toll From Coronavirus Continues To Rise, Companies Hold Back",2020-01-28
The Street Debates Starbucks' Quarter,2020-01-29
Analyst Breaks Down If Starbucks Or McDonald's Has Bigger Exposure To China,2020-01-29
PreMarket Prep Recap: Apple Q1 Beat Aids Rebound From Monday's Low,2020-01-29
UPDATE: Stephens & Co On Starbucks Also Notes 'comps in both the Americas and International get noticeably harder in the back half of FY20.',2020-01-29
"UPDATE: Stephens & Co. Assumes Starbucks at Equal-Weight, Announces $90 Price Target Notes 'we expect a sentiment overhang from the Coronavirus to persist at least in the near term.'",2020-01-29
"Starbucks shares are trading lower. While the company beat Q1 EPS results, it said the coronavirus outbreak is expected to have a material negative impact on its China segment. NOTE: Starbucks closed 2,000 stores in China following the outbreak of the Coronavirus.",2020-01-29
Cramer Regrets Not Having More Faith In Apple,2020-01-29
"With Investors Less Worried About Coronavirus, Focus Shifts To Earnings, Fed",2020-01-29
"Stephens & Co. Assumes Starbucks at Equal-Weight, Announces $90 Price Target",2020-01-29
A Peek Into The Markets: US Stock Futures Up; Fed Decision In Focus,2020-01-29
"12 Stocks To Watch For January 29, 2020",2020-01-29
"Tough Lead-In: Virus Fears Crush Hong Kong Stocks Overnight, Putting Pressure On US",2020-01-30
Starbucks Option Alert: Mar 20 $95 Calls Sweep (13) near the Bid: 899 @ $0.481 vs 6984 OI; Ref=$88.65,2020-02-04
Starbucks shares are trading higher amid a rebound in global equities following last week's selloff on coronavirus fears.,2020-02-04
"Reuters, Citing Investor Presentation, Reports Pershing Square Has Exited Starbucks Stake",2020-02-05
Hearing Pershing Square Has Exited Starbucks Stake; Unconfirmed,2020-02-05
Wendy's Nationwide Breakfast Launch Is Coming Soon,2020-02-05
"Hearing MKM Initiates Coverage On Starbucks With Buy Rating, $105 Price Target",2020-02-12
Luckin Coffee Analyst Says Company Confident In Key Targets Despite Coronavirus Impact,2020-02-13
"Starbucks Is A Long-Term Play Facing Near-Term Uncertainty, MKM Says",2020-02-13
A Foodie's Guide To Valentine's Day 2020,2020-02-13
"Judging By These Leveraged Funds, Consumers Are Still In The Economic Driver Seat",2020-02-13
"MKM Partners Initiates Coverage On Starbucks with Buy Rating, Announces $105 Price Target",2020-02-13
"Benzinga's Bulls And Bears Of The Week: GM, Luckin, Slack, Tesla And More",2020-02-15
"Ontario Teachers' Pension Plan More than Doubles Stake in BlackBerry, Cuts Stakes in Starbucks, Disney",2020-02-16
"Q4 13F Roundup: How Buffett, Einhorn, Ackman And Others Adjusted Their Portfolios",2020-02-18
"Global Stocks Drop As Apple, Others Share Grim Outlook Due To Coronavirus Outbreak",2020-02-18
"How Shaquille O'Neal Negotiates, Picks His Portfolio",2020-02-20
Friday's Market Minute: Coronavirus Outlook Remains Cloudy,2020-02-21
"China, Japan Stocks Edge Lower As Coronavirus Fears Continue, South Korea Recoups",2020-02-24
Shares of several restaurant companies are trading lower amid continued spread of coronavirus including notable upticks in Iran and Italy. NOTE: The virus has raised fear of a global economic slowdown.,2020-02-24
How Cannabis MSOs Are Winning Over Customers In Evolving US Markets,2020-02-25
Beyond Meat Facing Increased Competition As Demand Heats Up,2020-02-26
"Tech Stocks In Correction Territory, Including Apple And Facebook, But Investors Nibbling",2020-02-26
"Benzinga Pro's Top 5 Stocks To Watch For Wed., Feb. 26, 2020: DIS, SPCE, BYND, SDC, JCP",2020-02-26
"Starbucks Adds Beyond Meat Sandwich To Menu In Canada, Continues Carrying Out 'More Environmentally Friendly Menu' Plans",2020-02-26
Starbucks to Begin Selling Beyond Meat Plant-based Breakfast Sandwich on March 3 in Canadian Stores,2020-02-26
"Beyond Meat Shares Drop After Earnings Miss, Sales Beat",2020-02-27
Starbucks Shares Tick Higher As Hearing Co. Has Said ~85% Of Its ~4.3K Stores In China Are Now Operating Again,2020-02-27
Starbucks Shares Tick Higher As Hearing Co. Has Said ~85% Of Its ~4.3K Stores In China Are Now Operating Again,2020-02-27
Starbucks shares are trading lower in sympathy with the overall market amid coronavirus fears.,2020-02-27
Keurig Dr Pepper Down 5% After Q4 Print,2020-02-27
"Airline, Hotel, Casino Stocks Likely To Be In Focus As Coronavirus Worries Continue",2020-02-28
Worst Of The Worst: Losses Accelerate Into Close As Toughest Week In Years Continues,2020-02-28
Starbucks Reopening Restaurants In China After Temporarily Closing Them Down Due Coronavirus Outbreak,2020-02-28
"Apple, Microsoft And A Few Cyclicals Lead Broad-Based Stock Rally; Bond Yields Extend Weakness",2020-03-02
"Super Tuesday Begins As Investors Eye Earnings From Kohl's, Target, And G7 Disappoints",2020-03-03
"Oppenheimer Maintains Outperform on Starbucks, Lowers Price Target to $95",2020-03-04
"Starbucks Says Due To Coronavirus In China, Currently Estimate Comp Store Sales In China For Q2 Will Be Down About 50% Versus The Prior Year; Expects $400M-$430M Headwind To China Revenue In Q2",2020-03-05
"Starbucks Says To Date, There Are No Perceptible Signs Of Coronavirus Impact On US Business; Says Currently, More Than 90% Of Stores In China Are Open But Operating Under Elevated Safety Protocols And At Reduced Hours",2020-03-05
"Starbucks shares are trading lower amid the global coronavirus outbreak, which has caused disruption in the company's China operations.",2020-03-05
"Wall Street Weighs Starbucks Coronavirus Guidance Update: 'A Little Good, A Little Bad'",2020-03-06
"UPDATE: MKM Maintains Buy On Starbucks, Lowers Target To $92 Notes 'U.S. Trends Better Than Hoped For, Even as China Results Are Worse'; Notes Uncertainty 'Leads us to reduce our sales/earnings models and our PT moves to $92'",2020-03-06
"UPDATE: Wedbush Maintains Neutral On Starbucks, Lowers Target To $84 Notes 'We believe Starbucks' valuation properly reflects near-term uncertainty regarding the potential impact on global sales and profitability from COVID-19'",2020-03-06
"Morgan Stanley Maintains Equal-Weight on Starbucks, Lowers Price Target to $93",2020-03-06
Starbucks shares are trading lower after the company said it expects comparable store sales in China will be down in Q2 and expects headwinds to China revenue as a result of the coronavirus.,2020-03-06
"Baird Maintains Neutral on Starbucks, Lowers Price Target to $82",2020-03-06
"MKM Partners Maintains Buy on Starbucks, Lowers Price Target to $92",2020-03-06
"Credit Suisse Maintains Outperform on Starbucks, Lowers Price Target to $95",2020-03-06
10 Biggest Price Target Changes For Friday,2020-03-06
"Wedbush Maintains Neutral on Starbucks, Lowers Price Target to $84",2020-03-06
Shares of several restaurants are trading lower as US equities crash amid coronavirus fears and OPEC failing to reach a production agreement.,2020-03-09
51 Consumer Cyclical Stocks Moving In Monday's Pre-Market Session,2020-03-09
Shares of several restaurant companies are trading higher as markets rebound following Monday's selloff. US President Trump on Monday suggested the US is considering a payroll tax cut to relieve the negative economic effects of the coronavirus.,2020-03-10
"Piper Sandler Maintains Neutral on Starbucks, Lowers Price Target to $74",2020-03-10
"Morgan Stanley Recommends Domino's, McDonald's As Restaurant Plays Amid Coronavirus Scare",2020-03-11
Starbucks Now Offering Catastrophe Pay To Any Partner Who Has Been Diagnosed With Or Exposed To Coronavirus,2020-03-11
"Shares of several consumer goods and retail companies are trading lower as global markets continue to experience pressure amid the coronavirus spread, which has negatively impacted companies across sectors.",2020-03-11
Stocks That Hit 52-Week Lows On Thursday,2020-03-12
Shares of several consumer defensive and consumer cyclical companies are trading lower as equities sell off amid continued global coronavirus concerns. The virus has caused global economic disruption and negatively impacted stocks across sectors.,2020-03-12
How COVID-19 Is Impacting Restaurants,2020-03-13
"Apple Gets Upgrade, Futures Reverse Downward Course As Washington Stimulus Awaited",2020-03-13
Starbucks Invests $130M To Start First Asia Roastery In China By 2022,2020-03-13
"Starbucks Switches To 'To Go' Model As Coronavirus Spreads, Closes Some Stores",2020-03-15
McDonald's Switches To 'Walk-In-Take-Out' Model In All Company-Owned Restaurants Due To Coronavirus,2020-03-16
"Banks, Airlines, Apple Among Stocks Being Hit Hard Despite Fed Cutting Rates To Zero",2020-03-16
Shares of several restaurant stocks are trading lower after several US cities announced restaurant closures and investors speculate more geographies will follow suit.,2020-03-16
Walmart Shortens Store Operating Hours In Response To Coronavirus Outbreak,2020-03-16
Starbucks To Host Virtual Annual Meeting,2020-03-18
"Starbucks CEO On Coffee Chain's Buyback Program, China Recovery: 'We Are Going To Be Just Fine'",2020-03-19
"Shares of several restaurant and fast food companies are trading higher, rebounding from recent weakness.",2020-03-19
"Shares of several fast food companies are trading higher. The coronavirus outbreak has led to several dine-in restaurants closing or limiting capacity, which could be a potential positive catalyst for fast food chains.",2020-03-20
"Pershing Square's Bill Ackman Currently Interviewing On Bloomberg TV, Says He Bought More Starbucks",2020-03-23
"Benzinga CEO Talks Hedging Bets, Dividend Plays On PreMarket Prep",2020-03-23
"Baird Maintains Neutral on Starbucks, Lowers Price Target to $65",2020-03-23
Starbucks shares are trading lower after MKM Partners downgraded the company's stock from Buy to Neutral.,2020-03-23
MKM Partners Downgrades Starbucks to Neutral,2020-03-23
"Shares of several fast food companies are trading higher amid market strength. The coronavirus outbreak has led to several dine-in restaurants closing or limiting capacity, which could be a potential positive catalyst for delivery or drive through chains.",2020-03-24
Starbucks Shares Spike 2+% On Volume; Hearing Josh Brown On CNBC's 'Fast Money: Halftime Report' Suggested Stock As Play On 'Affordable Luxury',2020-03-24
Shares of several consumer goods companies are trading higher amid market strength on hopes of a US economic stimulus agreement. The sector has been volatile recently amid consumer demand for household staples and cleaning products.,2020-03-24
"Morgan Stanley Maintains Equal-Weight on Starbucks, Lowers Price Target to $70",2020-03-25
"Starbucks shares are trading higher after the Senate passage of a $2 trillion economic stimulus package, which has lifted stocks across sectors.",2020-03-26
Ariel Chairman John Rogers Thinks Current Market Is 'Once In A Lifetime Opportunity To Buy Stocks',2020-03-26
"KeyBanc Maintains Overweight on Starbucks, Lowers Price Target to $80",2020-03-27
Shares of several retail companies are trading lower amid market weakness as macro concerns continue to grow as a result of the coronavirus pandemic.,2020-04-01
PreMarket Prep Stock Of The Day: Starbucks,2020-04-02
"Starbucks shares are trading higher amid mixed performance in equities, not currently seeing company-specific news.",2020-04-02
"Cramer Shares His Thoughts On Procter & Gamble, Virgin Galactic And More",2020-04-02
"Starbucks shares are trading lower. Weakness appears market related, as equities move lower for the session.",2020-04-03
China Securities Regulator To Probe Luckin Coffee,2020-04-03
Howard Schultz Talks Plate Fund; Chef's Warehouse CEO Says CARES Act Doesn't Go Far Enough,2020-04-06
Starbucks Option Alert: Apr 17 $58 Puts at the Bid: 1730 @ $0.551 vs 285 OI; Earnings 4/23 After Close [est] Ref=$66.31,2020-04-06
"Shares of several restaurant companies are trading higher amid overall market strength. Restaurants have been negatively impacted amid lockdown measures to curb the spread of the coronavirus, though delivery and drive-thru names have remained open.",2020-04-06
"MKM Partners Maintains Neutral on Starbucks, Raises Price Target to $60",2020-04-06
"Benzinga's Top Upgrades, Downgrades For April 6, 2020",2020-04-06
"JP Morgan Downgrades Starbucks to Neutral, Lowers Price Target to $55",2020-04-06
"Stephanie Link Likes Wells Fargo, Coca-Cola, Raytheon And Chevron",2020-04-07
Shares of several restaurant companies are trading higher amid positive market sentiment on optimism of cases potentially leveling off in some hotspots globally. Lower cases could mean a sooner return to store openings and spending by consumers.,2020-04-07
"Piper Sandler Maintains Neutral on Starbucks, Lowers Price Target to $70",2020-04-07
Luckin Stock Drops Further As Lenders Seek To Seize 76.4M Shares For Defaulted Loan,2020-04-07
"Starbucks Suspends Buybacks, Taking Steps To Defer Capex, Does Not Expect To Cut Qtr. Dividend",2020-04-08
Starbucks Recent Short-Term Borrowing Facilities Totaled $3.5B,2020-04-08
"Starbucks Had $2.5B In Cash, Cash Equivalents On Balance Sheet At End Of Q2",2020-04-08
Starbucks Prelim. Q2 Adj. EPS $0.32 vs $0.41 Estimate,2020-04-08
Starbucks Q2 US Comps Down ~3% Year Over Year,2020-04-08
"Starbucks Says 58% Of US Co.-Operated Stores Had Drive Thrus At End Of Qtr., 76% Of Which Were Open",2020-04-08
Starbucks Comps During Last Week Of Mar. Stabilized In Down 60-70% Range With 44% Of US Co.-Operated Locations Operating Primarily Through Drive-Thru Channel,2020-04-08
Starbucks Qtr.-To-Date Through Mar. 11 US Comps Up 8% Year Over Year,2020-04-08
Starbucks Says Q2 Sales In China At Lower End Of Mar. 5 Projected Range,2020-04-08
Starbucks China Mar. Comps Down 64% vs 78% Decline In Feb.; Comps During Last Week Of Mar. Down 42%,2020-04-08
Starbucks Reports Over 95% Of China Stores Now Open,2020-04-08
"Starbucks 8-K Shows Shareholder Letter From Co. Pres, CEO, CFO",2020-04-08
"Shares of several restaurant, fast food and dining companies are trading higher amid positive market sentiment on speculation some coronavirus hotspots could soon level off. A sooner recovery could mean a sooner reopening of restaurants.",2020-04-08
"UBS Maintains Neutral on Starbucks, Lowers Price Target to $73",2020-04-08
A Look Into Starbucks Price Over Earnings,2020-04-09
"Shares of several restaurant, fast food and dining companies are trading higher amid positive market sentiment on speculation some coronavirus hotspots could soon level off. A sooner recovery could mean a sooner reopening of restaurants.",2020-04-09
"Citigroup Maintains Buy on Starbucks, Lowers Price Target to $82",2020-04-09
"Stephens & Co. Maintains Equal-Weight on Starbucks, Lowers Price Target to $80",2020-04-09
"Benzinga Pro's Top 5 Stocks To Watch For Thurs., Apr. 9, 2020: SBUX, MCHP, LOCO, EPR, ITP",2020-04-09
CORRECTION: Starbucks Suspends Buybacks; Initial Headline Incorrectly Said Will Suspend Dividend; The Co. Said It Expects It Will Not Cut Dividend,2020-04-09
"Starbucks shares are trading lower after the company reported significant declines in revenues from the stores located in China. The company also reported Q2 EPS results lower from last year and US revenues down ~3% from last year. UPDATE: Shares have since reversed, now higher.",2020-04-09
A Peek Into The Markets: US Stock Futures Mixed Ahead Of Economic Data,2020-04-09
"5 Stocks To Watch For April 9, 2020",2020-04-09
Starbucks Shares Fall As Q2 Earnings Halve Amid Pandemic,2020-04-09
"Shares of several restaurant, fast food and dining companies are trading lower amid continued uncertainty around demand caused by the coronavirus which has significantly decreased consumer spending.",2020-04-13
"Oppenheimer Maintains Outperform on Starbucks, Lowers Price Target to $90",2020-04-13
10 Biggest Price Target Changes For Monday,2020-04-13
"Luckin Coffee Fraud Has Shaken Investor Faith In US-Listed Chinese Companies, Long-Term Backer Citron Says",2020-04-13
"Wedbush Maintains Neutral on Starbucks, Lowers Price Target to $71",2020-04-13
"Shares of several restaurant, fast food and dining companies are trading higher as markets gain on positive coronavirus outlook. Optimism surrounding the virus has led to hopes of an upcoming return to economic activity, which would benefit the sector.",2020-04-14
"JPMorgan, Wells Fargo Earnings Lower Than Expected, But Positive Tone Helps Shares",2020-04-14
"Cramer Shares His Thoughts On MGM Resorts, Starbucks And More",2020-04-14
Every Member Of Trump's 'Great American Economic Revival' Industry Groups,2020-04-15
S&P 500 Futures Up 3.2% After Hours; Many Other Stocks Moving Higher With Futures; Investors Reacting Favorably To White Phase Guidelines On Reopening Economy,2020-04-16
"Argus Research Maintains Buy on Starbucks, Lowers Price Target to $100",2020-04-16
Shares of several restaurant companies are trading higher amid optimistic coronavirus outlook following positive drug data from Gilead. This has raised hopes of a sooner return to spending and economic activity.,2020-04-17
"Barron's Picks And Pans: Dropbox, Ford, Johnson & Johnson, Teladoc And More",2020-04-19
"Shares of several consumer good companies are trading lower with the overall market on continued downward momentum after oil prices fell to historic lows, partially stemming from weak demand caused by the coronavirus pandemic.",2020-04-21
Beyond Meat Enters China As Starbucks Revamps Menu,2020-04-21
"Shares of several companies in the restaurant and fast food space are trading higher, potentially following a strong Q1 report from Chipotle and upbeat Q2 guidance from Aramark.",2020-04-22
Starbucks shares are trading higher after Jefferies maintained its Buy rating on the stock and raised its price target from $70 to $90 per share.,2020-04-22
"Jefferies Maintains Buy on Starbucks, Raises Price Target to $90",2020-04-22
Starbucks shares are trading lower. Not currently seeing company-specific news item.,2020-04-23
Market Volatility Could Be Wreaking Havoc On College Tuition Savings,2020-04-24
SBUX Starbucks Option Alert: Oct 16 $82.5 Calls Sweep (2) near the Ask: 1129 @ $4.701 vs 163 OI; Earnings 4/28 After Close Ref=$74.92,2020-04-24
Why Beyond Meat's Stock Is Trading Higher Friday,2020-04-24
"Oppenheimer Maintains Outperform on Starbucks, Lowers Price Target to $85",2020-04-24
"McDonald's, Starbucks, Subway Part Of China's Central Digital Currency Pilot: Report",2020-04-24
"Barron's Picks And Pans: Albertsons, Carnival, Harley-Davidson And More",2020-04-25
3 Sector ETFs For This Week's Earnings Parade,2020-04-27
"Beyond Meat's Share Price Fails To Reflect Risk, Analyst Says In Downgrade",2020-04-27
"Starbucks shares are trading higher higher, potentially in anticipation of Georgia's restaurant reopenings.",2020-04-27
An Early Glimpse At Restaurant Reopening Strategies,2020-04-27
"Apple And Amazon Earnings, Fed Meeting Among Highlights In Busy Week Ahead",2020-04-27
"Benzinga Pro's Top 5 Stocks To Watch For Mon., Apr. 27, 2020: MMM, SSYS, SBUX, BOX, PLUG",2020-04-27
Fast Money Traders Share Their Thoughts On Beyond Meat,2020-04-27
Starbucks Partners With Sequoia To Make 'Strategic Co-Investments' In China,2020-04-27
23 Stocks Moving In Tuesday's After-Hours Session,2020-04-28
"Starbucks Reports Q2 Earnings Miss, Expects Coronavirus Impact To Intensify",2020-04-28
Starbucks shares are trading lower after the company reported worse-than-expected Q2 EPS results. The company also said it sees coronavirus impact to intensify in Q3.,2020-04-28
Starbucks Q2 Comps Down 10% Year Over Year,2020-04-28
"Starbucks Sees Coronavirus Impacts Expected To Intensify In Q3, Moderate In Q4",2020-04-28
"Starbucks Q2 Adj. EPS $0.320 Misses $0.340 Estimate, Sales $6.000B Beat $5.890B Estimate",2020-04-28
Morning Market Stats in 5 Minutes,2020-04-28
"Earnings Feast: Bring a Plate With Healthcare and Caterpillar in Morning, GOOGL And AMD Later",2020-04-28
Starbucks Option Alert: Jun 19 $90 Calls Sweep (20) near the Ask: 306 @ $0.86 vs 5609 OI; Earnings 4/28 After Close Ref=$79.47,2020-04-28
Tuesday's Market Minute: This Week's Big Market Test,2020-04-28
Luckin Coffee Raided By Chinese Market Regulators Following Fraud Scandal,2020-04-28
"Earnings Scheduled For April 28, 2020",2020-04-28
7 Starbucks Analysts On How The Coffee Giant Is Weathering A Pandemic,2020-04-29
"Barclays Maintains Overweight on Starbucks, Lowers Price Target to $92",2020-04-29
"UPDATE: Morgan Stanley Maintains Equal-Weight On Starbucks, Raises Target To $76 Notes 'With US stores reopening in May, 3Q comps will likely improve vs our initial forecast, although pace of consumer response still a debate in our view'",2020-04-29
How Does Domino's Earnings Stack Up?,2020-04-29
"UBS Maintains Neutral on Starbucks, Raises Price Target to $77",2020-04-29
Starbucks CEO Says Will Open A 'Significant' Number Of US Stores Starting Next Week,2020-04-29
"JP Morgan Maintains Neutral on Starbucks, Raises Price Target to $72",2020-04-29
"MKM Partners Maintains Neutral on Starbucks, Raises Price Target to $74",2020-04-29
10 Biggest Price Target Changes For Wednesday,2020-04-29
Starbucks shares are trading lower after the company reported worse-than-expected Q2 EPS results. The company also said it sees coronavirus impact to intensify in Q3.,2020-04-29
"Stephens & Co. Maintains Equal-Weight on Starbucks, Lowers Price Target to $72",2020-04-29
"Morgan Stanley Maintains Equal-Weight on Starbucks, Raises Price Target to $76",2020-04-29
"Wedbush Maintains Neutral on Starbucks, Raises Price Target to $75",2020-04-29
"KeyBanc Maintains Overweight on Starbucks, Raises Price Target to $82",2020-04-29
"A Peek Into The Markets: US Stock Futures Rise Ahead Of Earnings, Fed Decision",2020-04-29
"10 Stocks To Watch For April 29, 2020",2020-04-29
"Citigroup Maintains Buy on Starbucks, Raises Price Target to $89",2020-04-30
Starbucks shares are trading lower on market weakness as investor uncertainty increases following quarterly earnings reports from multiple companies.,2020-05-01
5 Stocks Moving In Monday's After-Hours Session,2020-05-04
Starbucks shares are trading higher on reports that the company sees 85% of US company-owned stores opened by the end of the week and 90+% of stores open by early June.,2020-05-04
"Starbucks Sees 85% Of US Co.-Owned Stores Opened By End Of The Week, 90+% Of Stores Open By Early Jun.",2020-05-04
28 Stocks Moving in Tuesday's Pre-Market Session,2020-05-05
Starbucks shares are trading higher on reports that the company sees 85% of US company-owned stores opened by the end of the week and 90+% of stores open by early June.,2020-05-05
"Cramer Says Up To 1 Out Of 3 Restaurants, Bars Will Close",2020-05-06
"Shares of several companies in the restaurant sector are trading higher. Strength potentially related to some US states reopening certain businesses, including restaurants.",2020-05-07
"The Worst Is Yet to Come for Starbucks, But They're Providing A Path Forward",2020-05-08
How Bill Ackman Successfully Navigated Coronavirus Market Volatility,2020-05-08
"Retail Pro Says Giants Like Amazon, Walmart Will Prevail After Coronavirus: 'It's Not Fair'",2020-05-13
Starbucks Asks Landlords For Rent Concessions-,2020-05-14
"Pershing Square 13F Shows Fund Raises Stake In Starbucks To 10,131,008 Shares",2020-05-15
"Why Cramer Favors Chipotle, Starbucks And Wendy's Post-Coronavirus Shutdown",2020-05-15
"Q1 13F Roundup: How Buffett, Einhorn, Ackman And Others Adjusted Their Portfolios",2020-05-16
Luckin Coffee To Resume Trading At Nasdaq Wednesday,2020-05-19
"Starbucks Shares Up ~1% Following News US Comps Back To 60-65%, China Comps Back To 80% Of Prior-Year Levels; S&P 500 Futures Moved Higher At Same Time As Starbucks Shares",2020-05-21
Starbucks Says Comps In China Have Reached ~80% Of Prior-Year Levels,2020-05-21
"Starbucks Says Over Last Week, Has Regained 60-65% Of Prior Year Comp Sales In US",2020-05-21
Starbucks 8-K Shows Letter From CEO To All US Starbucks Partners,2020-05-21
"Barron's Picks And Pans: Dropbox, Slack, Starbucks And More",2020-05-23
"Starbucks Sees Lower Sales At US Stores Until At Least Fall, Notes Limited Operations Led To Hour Reductions",2020-06-01
"'The @Starbucks that sits on the skirt of Philadelphia's #CityHall will reopen after being ""firebombed"" by looters over the weekend' -Tweet From CBS Philly",2020-06-01
"Benzinga Pro's Top 5 Stocks To Watch For Mon., Jun. 1, 2020: SBUX, INVE, WRTC, IFMK, SNOA",2020-06-01
Fast Money Picks For June 1,2020-06-01
"Starbucks Tells Employees To Work Reduced Hours Or Take Unpaid Leaves, As Demand Falls Despite Post-Lockdown Ease",2020-06-02
What's Behind The Luckin Coffee Rally?,2020-06-05
"Thinking About Buying Stock In American Airlines, Luckin Coffee, XpresSpa Or Genius Brands?",2020-06-05
"Starbucks Says Comparable Store Sales In China Fell By About 14% In Final Week Of May Compared To Prior Year; Says Recovery In China, Which Started In Late February, Has Continued Into Q3",2020-06-10
"Starbucks Says Currently, 99% Of Stores In China Are Open, Of Which About 90% Have Returned To Pre-Pandemic Operating Hours",2020-06-10
"Starbucks Earlier 8-K Showed Prelim. Q3 Adj. EPS $(0.70)-$(0.55) vs $(0.16) Estimate, Sales Decline $3B-$3.2B, Operating Income Down ~$2B-$2.2B",2020-06-10
"Starbucks CEO, CFO Send Letter To Shareholders, Discuss China Comps, Store Development Updates, US Comps, Store Development Updates, Licensed Business Update, Q3, FY20 Guidance",2020-06-10
"Starbucks shares are trading lower after the company gave an update discussing China comps, US comps, store development updates, Q3 and FY20 guidance.",2020-06-10
"Starbucks Average Cash Flow Is Expected To Be Positive By End Of Q3; Currently 99% Of Stores In China Are Open, About 90% Have Returned To Pre-Pandemic Levels",2020-06-10
"Highlights From The Starbucks Update On US, China: Coffee Chain Sees 'Rapidly Evolving' Consumer Preferences",2020-06-10
"Starbucks Says It Plans To Close Up To 400 Stores in US & Canada Over The Next 18 Months, While At The Same Time Adding Carryout And Pick-Up Only Locations",2020-06-10
